ticker,sector,price_at_flag,dcf_base_mos,graham_mos,date_flagged,risk_overall,tier,tier_score
APA,Energy,41.19,179.5,,2026-08-27,high,,
EOG,Energy,144.84,132.6,,2026-08-27,high,,
DVN,Energy,46.83,115.0,,2026-08-27,high,,
RRC,Energy,41.55,87.1,,2026-08-27,high,,
COP,Energy,130.61,51.8,,2026-08-27,high,,
OXY,Energy,58.62,51.6,,2026-08-27,high,,
BAC,Financials,62.23,,,2026-08-27,medium,,
WFC,Financials,85.23,,,2026-08-27,medium,,
C,Financials,133.56,,,2026-08-27,medium,,
USB,Financials,62.8,,,2026-08-27,medium,,
TFC,Financials,50.67,,,2026-08-27,medium,,
PNC,Financials,244.67,,,2026-08-27,medium,,
COF,Financials,217.21,,,2026-08-27,medium,,
STT,Financials,193.62,,,2026-08-27,medium,,
MTB,Financials,241.54,,,2026-08-27,medium,,
RF,Financials,30.7,,,2026-08-27,medium,,
CFG,Financials,70.49,,,2026-08-27,medium,,
HBAN,Financials,17.04,,,2026-08-27,medium,,
KEY,Financials,22.09,,,2026-08-27,medium,,
FITB,Financials,55.1,,,2026-08-27,medium,,
BRK-B,Financials,504.91,,,2026-08-27,medium,,
MET,Financials,96.52,,,2026-08-27,medium,,
PRU,Financials,120.24,,,2026-08-27,medium,,
AFL,Financials,117.45,,,2026-08-27,medium,,
ALL,Financials,261.81,,,2026-08-27,medium,,
CB,Financials,343.77,,,2026-08-27,medium,,
TRV,Financials,371.15,,,2026-08-27,medium,,
AIG,Financials,76.97,,,2026-08-27,medium,,
HIG,Financials,139.86,,,2026-08-27,medium,,
GL,Financials,175.55,,,2026-08-27,medium,,
TROW,Financials,112.55,,,2026-08-27,medium,,
PARA,Communication Services,1.18,35616.1,31833.1,2026-08-27,low,,
CI,Healthcare,280.87,133.3,119.1,2026-08-27,medium,,
VZ,Communication Services,50.19,128.7,118.1,2026-08-27,medium,,
CPB,Consumer Defensive,23.23,120.3,80.0,2026-08-27,low,,
CMCSA,Communication Services,27.2,116.2,226.9,2026-08-27,low,,
T,Communication Services,25.87,114.0,65.7,2026-08-27,medium,,
MO,Consumer Defensive,69.12,17.8,6.7,2026-08-27,low,,
DUK,Utilities,121.89,17.3,1.1,2026-08-27,low,,
APA,Energy,41.19,179.5,,2026-08-27,high,,
EOG,Energy,144.84,132.6,,2026-08-27,high,,
DVN,Energy,46.83,115.0,,2026-08-27,high,,
RRC,Energy,41.55,87.1,,2026-08-27,high,,
COP,Energy,130.61,51.8,,2026-08-27,high,,
OXY,Energy,58.62,51.6,,2026-08-27,high,,
BAC,Financials,62.23,,,2026-08-27,medium,,
WFC,Financials,85.23,,,2026-08-27,medium,,
C,Financials,133.56,,,2026-08-27,medium,,
USB,Financials,62.8,,,2026-08-27,medium,,
TFC,Financials,50.67,,,2026-08-27,medium,,
PNC,Financials,244.67,,,2026-08-27,medium,,
COF,Financials,217.21,,,2026-08-27,medium,,
STT,Financials,193.62,,,2026-08-27,medium,,
MTB,Financials,241.54,,,2026-08-27,medium,,
RF,Financials,30.7,,,2026-08-27,medium,,
CFG,Financials,70.49,,,2026-08-27,medium,,
HBAN,Financials,17.04,,,2026-08-27,medium,,
KEY,Financials,22.09,,,2026-08-27,medium,,
FITB,Financials,55.1,,,2026-08-27,medium,,
BRK-B,Financials,504.91,,,2026-08-27,medium,,
MET,Financials,96.52,,,2026-08-27,medium,,
PRU,Financials,120.24,,,2026-08-27,medium,,
AFL,Financials,117.45,,,2026-08-27,medium,,
ALL,Financials,261.81,,,2026-08-27,medium,,
CB,Financials,343.77,,,2026-08-27,medium,,
TRV,Financials,371.15,,,2026-08-27,medium,,
AIG,Financials,76.97,,,2026-08-27,medium,,
HIG,Financials,139.86,,,2026-08-27,medium,,
GL,Financials,175.55,,,2026-08-27,medium,,
TROW,Financials,112.55,,,2026-08-27,medium,,
PARA,Communication Services,1.18,37288.1,33328.0,2026-08-27,low,,
CI,Healthcare,280.87,133.3,119.1,2026-08-27,medium,,
VZ,Communication Services,50.19,128.7,118.1,2026-08-27,medium,,
CPB,Consumer Defensive,23.23,120.3,80.0,2026-08-27,low,,
CMCSA,Communication Services,27.2,116.2,226.9,2026-08-27,low,,
T,Communication Services,25.87,114.0,65.7,2026-08-27,medium,,
MO,Consumer Defensive,69.12,17.8,6.7,2026-08-27,low,,
DUK,Utilities,121.89,17.3,1.1,2026-08-27,low,,
CI,Healthcare,280.87,132.0,117.8,2026-08-27,medium,,
T,Communication Services,25.87,113.3,65.1,2026-08-27,medium,,
EOG,Energy,144.84,132.6,,2026-08-27,high,,
APA,Energy,41.455,177.7,,2026-08-27,high,,
RRC,Energy,41.65,86.6,,2026-08-27,high,,
VZ,Communication Services,50.19,128.7,118.1,2026-08-27,medium,,
ALL,Financials,261.81,,,2026-08-27,medium,,
TRV,Financials,371.15,,,2026-08-27,medium,,
HIG,Financials,139.86,,,2026-08-27,medium,,
TROW,Financials,112.55,,,2026-08-27,medium,,
DVN,Energy,46.83,115.0,,2026-08-27,high,,
COP,Energy,130.61,51.8,,2026-08-27,high,,
OXY,Energy,58.62,51.6,,2026-08-27,high,,
CPB,Consumer Defensive,23.23,120.3,80.0,2026-08-27,low,,
AFL,Financials,117.45,,,2026-08-27,medium,,
GL,Financials,175.55,,,2026-08-27,medium,,
CMCSA,Communication Services,27.2,116.2,226.9,2026-08-27,low,,
WFC,Financials,85.23,,,2026-08-27,medium,,
KEY,Financials,22.09,,,2026-08-27,medium,,
BRK-B,Financials,504.91,,,2026-08-27,medium,,
CB,Financials,343.77,,,2026-08-27,medium,,
AIG,Financials,76.97,,,2026-08-27,medium,,
BAC,Financials,62.23,,,2026-08-27,medium,,
USB,Financials,62.8,,,2026-08-27,medium,,
TFC,Financials,50.67,,,2026-08-27,medium,,
PNC,Financials,244.67,,,2026-08-27,medium,,
STT,Financials,193.62,,,2026-08-27,medium,,
MTB,Financials,241.54,,,2026-08-27,medium,,
RF,Financials,30.7,,,2026-08-27,medium,,
C,Financials,133.56,,,2026-08-27,medium,,
COF,Financials,217.21,,,2026-08-27,medium,,
HBAN,Financials,17.04,,,2026-08-27,medium,,
CFG,Financials,70.49,,,2026-08-27,medium,,
FITB,Financials,55.1,,,2026-08-27,medium,,
MET,Financials,96.52,,,2026-08-27,medium,,
PRU,Financials,120.24,,,2026-08-27,medium,,
MO,Consumer Defensive,69.12,16.1,5.1,2026-08-27,low,,
DUK,Utilities,121.89,17.3,1.1,2026-08-27,low,,
CI,Healthcare,279.05,133.6,119.3,2026-08-28,medium,STRONG BUY,75.0
APA,Energy,42.54,170.6,,2026-08-28,high,STRONG BUY,68.0
VZ,Communication Services,49.805,130.5,119.7,2026-08-28,medium,STRONG BUY,65.0
TRV,Financials,369.83,,,2026-08-28,medium,STRONG BUY,65.0
HIG,Financials,138.585,,,2026-08-28,medium,STRONG BUY,65.0
T,Communication Services,25.725,114.5,66.1,2026-08-28,medium,BUY,60.0
ALL,Financials,258.655,,,2026-08-28,medium,BUY,60.0
RRC,Energy,41.92,85.4,,2026-08-28,high,BUY,60.0
EOG,Energy,145.03,132.3,,2026-08-28,high,BUY,55.0
GL,Financials,175.59,,,2026-08-28,medium,BUY,55.0
TROW,Financials,112.844,,,2026-08-28,medium,BUY,55.0
CPB,Consumer Defensive,23.4523,118.2,78.3,2026-08-28,low,BUY,50.0
CMCSA,Communication Services,26.6451,120.7,233.7,2026-08-28,low,BUY,50.0
AFL,Financials,117.005,,,2026-08-28,medium,BUY,50.0
DVN,Energy,47.38,113.9,,2026-08-28,high,BUY,48.0
KEY,Financials,22.08,,,2026-08-28,medium,HOLD,40.0
COP,Energy,130.605,51.8,,2026-08-28,high,HOLD,40.0
OXY,Energy,59.29,49.9,,2026-08-28,high,HOLD,40.0
BRK-B,Financials,503.7929,,,2026-08-28,medium,HOLD,40.0
CB,Financials,339.96,,,2026-08-28,medium,HOLD,38.0
WFC,Financials,85.525,,,2026-08-28,medium,HOLD,35.0
USB,Financials,62.5876,,,2026-08-28,medium,HOLD,35.0
STT,Financials,193.8599,,,2026-08-28,medium,HOLD,35.0
RF,Financials,30.49,,,2026-08-28,medium,HOLD,35.0
HPQ,Technology,29.885,18.5,209.5,2026-08-28,medium,HOLD,35.0
AIG,Financials,77.07,,,2026-08-28,medium,HOLD,35.0
BAC,Financials,61.63,,,2026-08-28,medium,HOLD,33.0
TFC,Financials,50.59,,,2026-08-28,medium,HOLD,30.0
PNC,Financials,243.93,,,2026-08-28,medium,HOLD,30.0
COF,Financials,216.925,,,2026-08-28,medium,HOLD,30.0
MTB,Financials,239.535,,,2026-08-28,medium,HOLD,30.0
CFG,Financials,70.25,,,2026-08-28,medium,HOLD,30.0
HBAN,Financials,16.87,,,2026-08-28,medium,HOLD,30.0
C,Financials,132.635,,,2026-08-28,medium,HOLD,25.0
FITB,Financials,54.9096,,,2026-08-28,medium,HOLD,25.0
MO,Consumer Defensive,68.22,17.6,6.5,2026-08-28,low,HOLD,25.0
PRU,Financials,120.97,,,2026-08-28,medium,HOLD,25.0
MET,Financials,96.9813,,,2026-08-28,medium,AVOID,20.0
DUK,Utilities,121.12,17.5,1.3,2026-08-28,low,AVOID,10.0
CI,Healthcare,278.88,133.6,119.4,2026-08-30,medium,STRONG BUY,75.0
APA,Energy,42.54,170.6,,2026-08-30,high,STRONG BUY,68.0
VZ,Communication Services,50.1,129.1,118.4,2026-08-30,medium,STRONG BUY,65.0
TRV,Financials,369.9,,,2026-08-30,medium,STRONG BUY,65.0
HIG,Financials,138.55,,,2026-08-30,medium,STRONG BUY,65.0
T,Communication Services,26.01,112.1,64.2,2026-08-30,medium,BUY,60.0
ALL,Financials,260.58,,,2026-08-30,medium,BUY,60.0
RRC,Energy,41.46,87.5,,2026-08-30,high,BUY,60.0
EOG,Energy,143.35,134.9,,2026-08-30,high,BUY,55.0
GL,Financials,172.79,,,2026-08-30,medium,BUY,55.0
TROW,Financials,111.24,,,2026-08-30,medium,BUY,55.0
CPB,Consumer Defensive,23.39,118.8,78.8,2026-08-30,low,BUY,50.0
CMCSA,Communication Services,27.06,122.9,237.0,2026-08-30,low,BUY,50.0
AFL,Financials,116.52,,,2026-08-30,medium,BUY,50.0
DVN,Energy,47.35,112.6,,2026-08-30,high,BUY,48.0
KEY,Financials,21.91,,,2026-08-30,medium,HOLD,40.0
COP,Energy,130.35,52.1,,2026-08-30,high,HOLD,40.0
OXY,Energy,59.1,50.4,,2026-08-30,high,HOLD,40.0
BRK-B,Financials,505.0,,,2026-08-30,medium,HOLD,40.0
CB,Financials,339.92,,,2026-08-30,medium,HOLD,38.0
WFC,Financials,86.69,,,2026-08-30,medium,HOLD,35.0
USB,Financials,62.47,,,2026-08-30,medium,HOLD,35.0
STT,Financials,193.33,,,2026-08-30,medium,HOLD,35.0
MTB,Financials,237.29,,,2026-08-30,medium,HOLD,35.0
RF,Financials,30.33,,,2026-08-30,medium,HOLD,35.0
HPQ,Technology,30.52,19.6,212.3,2026-08-30,medium,HOLD,35.0
AIG,Financials,76.93,,,2026-08-30,medium,HOLD,35.0
BAC,Financials,62.32,,,2026-08-30,medium,HOLD,33.0
TFC,Financials,50.43,,,2026-08-30,medium,HOLD,30.0
PNC,Financials,242.22,,,2026-08-30,medium,HOLD,30.0
COF,Financials,215.67,,,2026-08-30,medium,HOLD,30.0
CFG,Financials,69.71,,,2026-08-30,medium,HOLD,30.0
HBAN,Financials,16.92,,,2026-08-30,medium,HOLD,30.0
FITB,Financials,54.54,,,2026-08-30,medium,HOLD,30.0
C,Financials,132.9,,,2026-08-30,medium,HOLD,25.0
MO,Consumer Defensive,68.65,18.6,7.4,2026-08-30,low,HOLD,25.0
PRU,Financials,119.79,,,2026-08-30,medium,HOLD,25.0
MET,Financials,96.51,,,2026-08-30,medium,AVOID,20.0
DUK,Utilities,120.25,17.8,1.5,2026-08-30,low,AVOID,10.0
